1,2012,1,1,Grand Cherokee
2,1997,2,2,Explorer
3,2012,3,3,RDX
4,1999,4,4,S10
5,2006,5,5,Quattroporte
6,2006,6,6,Outback
7,2009,7,7,LX
8,1987,8,8,Skylark
9,1997,9,9,Dakota
10,1985,10,10,Marquis
11,2012,11,11,Lancer
12,1992,12,12,Ram Wagon B350
13,2009,13,13,Ascender
14,2012,14,14,Regal
15,1990,15,15,Regal
16,2000,16,16,Metro
17,1993,17,17,Navajo
18,1996,18,18,RL
19,1999,19,19,Mirage
20,1992,20,20,Continental Mark VII
21,1988,21,21,5000CS
22,1995,22,22,Explorer
23,1998,23,23,Cabriolet
24,2005,24,24,XJ Series
25,2005,25,25,Exige
26,1995,26,26,Crown Victoria
27,2012,27,27,Lancer
28,2005,28,28,CL-Class
29,2006,29,29,Galant
30,2007,30,30,Avalon
31,2013,31,31,MKS
32,1988,32,32,Bronco II
33,1985,33,33,Electra
34,2007,34,34,Grand Marquis
35,2004,35,35,Explorer
36,2007,36,36,Compass
37,2011,37,37,XF
38,2004,38,38,Escalade EXT
39,2009,39,39,Lancer
40,1963,40,40,Avanti
41,1997,41,41,Odyssey
42,2009,42,42,Elise
43,2004,43,43,Murciélago
44,1990,44,44,Maxima
45,1992,45,45,Ram Van B350
46,1998,46,46,Sephia
47,1998,47,47,A4
48,2007,48,48,Sierra 2500
49,2010,49,49,Optima
50,1984,50,50,Skyhawk
51,2012,51,51,Insight
52,2010,52,52,S40
53,2005,53,53,LX
54,2005,54,54,S40
55,2009,55,55,Pilot
56,2001,56,56,ZX2
57,1991,57,57,9000
58,1995,58,58,Voyager
59,2006,59,59,Envoy
60,1985,60,60,Skylark
61,1992,61,61,Miata MX-5
62,2010,62,62,M6
63,1985,63,63,SL-Class
64,1994,64,64,Astro
65,2013,65,65,Explorer
66,2011,66,66,Panamera
67,2005,67,67,Solara
68,2000,68,68,Leganza
69,2008,69,69,Sprinter
70,2006,70,70,tC
71,2008,71,71,9-3
72,2005,72,72,Town & Country
73,2001,73,73,F-Series
74,2009,74,74,M5
75,2007,75,75,Continental GT
76,2003,76,76,XC90
77,2012,77,77,Journey
78,1992,78,78,Sundance
79,2008,79,79,FX
80,2011,80,80,Enclave
81,1986,81,81,Century
82,2010,82,82,Azure
83,2010,83,83,Exige
84,1997,84,84,Paseo
85,2003,85,85,MR2
86,1995,86,86,Corsica
87,2008,87,87,RAV4
88,1998,88,88,S70
89,1995,89,89,Passat
90,2008,90,90,Equinox
91,2000,91,91,Z3
92,2009,92,92,S40
93,2007,93,93,Mustang
94,2002,94,94,S-Series
95,1966,95,95,Mustang
96,2006,96,96,Envoy XL
97,2012,97,97,Veloster
98,1990,98,98,Thunderbird
99,2003,99,99,CTS
100,2000,100,100,Q
101,2002,101,101,Ranger
102,2000,102,102,S70
103,2001,103,103,Range Rover
104,2006,104,104,Torrent
105,1994,105,105,Talon
106,2004,106,106,FX
107,2008,107,107,Grand Vitara
108,1995,108,108,F350
109,1992,109,109,MX-6
110,2008,110,110,Rogue
111,1996,111,111,riolet
112,2000,112,112,Escape
113,2009,113,113,Torrent
114,2011,114,114,Lucerne
115,1995,115,115,Jetta
116,2012,116,116,X5 M
117,1992,117,117,Vandura 1500
118,2000,118,118,rio
119,1999,119,119,Esprit
120,1992,120,120,Riviera
121,2006,121,121,Grand Prix
122,2000,122,122,Dakota
123,2003,123,123,Ram 1500
124,1993,124,124,Yukon
125,2002,125,125,Miata MX-5
126,1994,126,126,Mighty Max Macro
127,1991,127,127,944
128,1995,128,128,Legacy
129,2002,129,129,Tacoma Xtra
130,2010,130,130,Camry
131,2001,131,131,XL-7
132,2011,132,132,Continental
133,1995,133,133,Cabriolet
134,1992,134,134,Fox
135,2001,135,135,Golf
136,1996,136,136,Swift
137,1993,137,137,Loyale
138,2008,138,138,Discovery
139,2005,139,139,SLR McLaren
140,1988,140,140,Passat
141,1986,141,141,Familia
142,1990,142,142,MPV
143,2009,143,143,Mazda6
144,2009,144,144,Tahoe
145,1995,145,145,1500
146,2006,146,146,62
147,1993,147,147,NX
148,1993,148,148,Xtra
149,2002,149,149,Liberty
150,1993,150,150,SC
151,1998,151,151,XJ Series
152,2010,152,152,Edge
153,1996,153,153,Pathfinder
154,2007,154,154,RS 4
155,1999,155,155,I
156,2005,156,156,G
157,1996,157,157,Montero
158,2007,158,158,Cooper
159,2003,159,159,Esprit
160,2009,160,160,E350
161,1989,161,161,Firebird
162,2006,162,162,Mazda6
163,2006,163,163,Ion
164,2008,164,164,PT Cruiser
165,1984,165,165,Mustang
166,2001,166,166,A4
167,2009,167,167,LaCrosse
168,1987,168,168,Brat
169,2001,169,169,Catera
170,2001,170,170,M5
171,2008,171,171,Reventón
172,2005,172,172,E150
173,2006,173,173,Verona
174,1999,174,174,B-Series Plus
175,1994,175,175,Club Wagon
176,2008,176,176,Element
177,1994,177,177,Legend
178,2003,178,178,MPV
179,1984,179,179,Celica
180,2003,180,180,Town & Country
181,1996,181,181,Grand Prix
182,2008,182,182,Express 3500
183,1997,183,183,Ram 2500 Club
184,1974,184,184,CX
185,2003,185,185,Sienna
186,2005,186,186,Civic
187,2005,187,187,XC90
188,2009,188,188,SLK-Class
189,2007,189,189,A6
190,2003,190,190,Rodeo Sport
191,2004,191,191,GTO
192,2011,192,192,Santa Fe
193,2007,193,193,Mustang
194,2001,194,194,Caravan
195,2007,195,195,E250
196,1996,196,196,4Runner
197,1994,197,197,S10
198,1987,198,198,Grand Am
199,2007,199,199,Caravan
200,1984,200,200,1000
201,1998,201,201,Metro
202,2008,202,202,Savana 1500
203,2007,203,203,Tahoe
204,1983,204,204,Mustang
205,2005,205,205,FX
206,1994,206,206,3000GT
207,2012,207,207,Sequoia
208,1984,208,208,Accord
209,1995,209,209,Regal
210,1997,210,210,Passat
211,2012,211,211,Golf
212,1995,212,212,G-Series G10
213,1992,213,213,D350 Club
214,2010,214,214,Rogue
215,2010,215,215,HS
216,2008,216,216,Colorado
217,2006,217,217,Aveo
218,1977,218,218,MGB
219,2011,219,219,S5
220,1986,220,220,Regal
221,1995,221,221,Odyssey
222,1970,222,222,Charger
223,2009,223,223,F450
224,1997,224,224,Talon
225,2008,225,225,Sierra 3500
226,2009,226,226,Fusion
227,2006,227,227,Titan
228,2010,228,228,9-5
229,2011,229,229,Caliber
230,2010,230,230,458 Italia
231,1989,231,231,S-Class
232,2001,232,232,MX-5
233,2012,233,233,R8
234,2008,234,234,Equinox
235,1993,235,235,Yukon
236,2004,236,236,L-Series
237,1985,237,237,Topaz
238,2012,238,238,Rogue
239,1964,239,239,Mustang
240,1995,240,240,Crown Victoria
241,2003,241,241,G35
242,1990,242,242,E-Series
243,2011,243,243,Quattroporte
244,2012,244,244,GX
245,1994,245,245,S4
246,2001,246,246,Explorer
247,1985,247,247,Skyhawk
248,2012,248,248,NV2500
249,2009,249,249,Phantom
250,2011,250,250,Suburban
251,2007,251,251,Monterey
252,1992,252,252,D250
253,2002,253,253,Insight
254,1995,254,254,Alcyone SVX
255,1967,255,255,Falcon
256,2009,256,256,ES
257,2008,257,257,MX-5
258,1992,258,258,Regal
259,2013,259,259,Focus ST
260,1987,260,260,LeSabre
261,1986,261,261,Safari
262,2012,262,262,1 Series
263,2004,263,263,Alero
264,2003,264,264,FX
265,2010,265,265,Forester
266,2011,266,266,1 Series
267,2009,267,267,G6
268,2009,268,268,X6
269,2002,269,269,Town Car
270,1990,270,270,430
271,1994,271,271,Esprit
272,1967,272,272,Bel Air
273,2006,273,273,Mazdaspeed6
274,2012,274,274,NV3500
275,1991,275,275,Escort
276,2004,276,276,CR-V
277,2001,277,277,Solara
278,1992,278,278,Sportvan G10
279,2008,279,279,Rogue
280,2004,280,280,Tiburon
281,2011,281,281,Matrix
282,1997,282,282,3500 Club Coupe
283,1999,283,283,GTO
284,1996,284,284,T100
285,2011,285,285,Accent
286,1983,286,286,626
287,1986,287,287,Bronco
288,1986,288,288,Regal
289,1993,289,289,Suburban 2500
290,2008,290,290,Exige
291,1998,291,291,DeVille
292,2011,292,292,Cayman
293,1994,293,293,Grand Caravan
294,2010,294,294,V70
295,2004,295,295,Ascender
296,1995,296,296,Sportage
297,2000,297,297,Savana 1500
298,1992,298,298,968
299,1999,299,299,Venture
300,1996,300,300,Grand Voyager
301,1990,301,301,F-Series
302,2000,302,302,VehiCROSS
303,2009,303,303,Freelander
304,1999,304,304,9-5
305,2009,305,305,Mazda5
306,2000,306,306,Corolla
307,2009,307,307,Milan
308,1998,308,308,Mustang
309,2007,309,309,Escalade EXT
310,1993,310,310,APV
311,2005,311,311,F150
312,2011,312,312,MKT
313,2010,313,313,C-Class
314,1992,314,314,2500
315,2011,315,315,Navigator
316,1994,316,316,S-Series
317,2012,317,317,Prius Plug-in
318,2004,318,318,MR2
319,1996,319,319,Civic
320,1993,320,320,Sonoma
321,2007,321,321,6 Series
322,1996,322,322,Roadmaster
323,1961,323,323,Mini Cooper
324,2009,324,324,DBS
325,2005,325,325,A6
326,2010,326,326,CTS
327,1994,327,327,NSX
328,1992,328,328,Spirit
329,2001,329,329,Nubira
330,2011,330,330,Veracruz
331,2010,331,331,SLK-Class
332,2010,332,332,Continental Flying Spur
333,1997,333,333,Challenger
334,2008,334,334,Range Rover
335,2006,335,335,Civic Si
336,2005,336,336,300C
337,2006,337,337,S-Type
338,1997,338,338,Pathfinder
339,2008,339,339,Cooper Clubman
340,2003,340,340,Excursion
341,1992,341,341,Laser
342,1994,342,342,Skylark
343,2012,343,343,GLK-Class
344,2009,344,344,Tacoma
345,2005,345,345,IS
346,2001,346,346,F-Series
347,2007,347,347,911
348,1988,348,348,Starion
349,2005,349,349,Golf
350,2001,350,350,Esteem
351,1995,351,351,VS Commodore
352,1995,352,352,Explorer
353,2006,353,353,Grand Vitara
354,1992,354,354,S10 Blazer
355,1997,355,355,Achieva
356,2009,356,356,Veyron
357,2000,357,357,Sonoma
358,1998,358,358,Intrepid
359,2002,359,359,V40
360,1994,360,360,Jetta
361,2012,361,361,R-Class
362,1993,362,362,Maxima
363,1984,363,363,Marquis
364,1986,364,364,MR2
365,1982,365,365,Celica
366,2004,366,366,Verona
367,2006,367,367,VUE
368,2006,368,368,350Z
369,1999,369,369,Town & Country
370,2007,370,370,F-Series
371,1996,371,371,Ciera
372,2004,372,372,Excursion
373,2011,373,373,Mazda3
374,2010,374,374,Milan
375,2010,375,375,Milan
376,2006,376,376,CR-V
377,1986,377,377,Familia
378,1998,378,378,Galant
379,1995,379,379,Q
380,2011,380,380,7 Series
381,2006,381,381,Rabbit
382,1986,382,382,Grand Prix
383,2002,383,383,Rendezvous
384,1994,384,384,240SX
385,2012,385,385,Mazdaspeed 3
386,1969,386,386,Camaro
387,2008,387,387,Ascender
388,1993,388,388,500SEC
389,2005,389,389,Prius
390,2006,390,390,G
391,2001,391,391,S60
392,1997,392,392,Maxima
393,2005,393,393,Bonneville
394,1987,394,394,Sunbird
395,2003,395,395,RS6
396,1998,396,396,LS
397,1994,397,397,Legacy
398,2012,398,398,Escalade
399,2005,399,399,Safari
400,1998,400,400,Pathfinder
401,1992,401,401,Imperial
402,2012,402,402,TT
403,2002,403,403,MINI
404,2003,404,404,Escalade ESV
405,2012,405,405,GL-Class
406,2005,406,406,Classic
407,1970,407,407,Corvette
408,2009,408,408,Tiguan
409,2000,409,409,Navigator
410,2010,410,410,xD
411,1990,411,411,Sidekick
412,2005,412,412,GTI
413,1993,413,413,5 Series
414,2004,414,414,TrailBlazer
415,2011,415,415,Pilot
416,1998,416,416,S90
417,1998,417,417,Tracer
418,1995,418,418,3500 Club Coupe
419,1993,419,419,Jetta
420,1994,420,420,2500 Club Coupe
421,1996,421,421,Caravan
422,2001,422,422,Viper
423,2004,423,423,LX
424,1990,424,424,Estate
425,2006,425,425,Liberty
426,1995,426,426,Tracer
427,2009,427,427,Sienna
428,2001,428,428,Cougar
429,2000,429,429,Monte Carlo
430,2003,430,430,Marauder
431,1989,431,431,Leone
432,1986,432,432,F-Series
433,1993,433,433,Xtra
434,2003,434,434,Golf
435,2004,435,435,DeVille
436,2010,436,436,Wrangler
437,1997,437,437,1500 Club Coupe
438,2012,438,438,Pathfinder
439,1997,439,439,Metro
440,2003,440,440,XC90
441,2005,441,441,Maxima
442,2002,442,442,Eurovan
443,2003,443,443,IS
444,2010,444,444,X6
445,2009,445,445,Murciélago
446,2009,446,446,Brooklands
447,1999,447,447,Tiburon
448,1992,448,448,190E
449,1998,449,449,DeVille
450,1994,450,450,Supra
451,1983,451,451,Accord
452,2001,452,452,Caravan
453,1992,453,453,Rocky
454,2000,454,454,RX
455,2001,455,455,F150
456,1991,456,456,929
457,1995,457,457,5 Series
458,2007,458,458,CLK-Class
459,2009,459,459,Equinox
460,2004,460,460,XC70
461,2012,461,461,Transit Connect
462,1993,462,462,Eldorado
463,1994,463,463,G-Series G30
464,1993,464,464,Town & Country
465,2011,465,465,Traverse
466,2005,466,466,Lancer
467,2007,467,467,Outback
468,1976,468,468,Grand Prix
469,2001,469,469,Challenger
470,2008,470,470,Galant
471,1986,471,471,Regal
472,2003,472,472,Viper
473,1999,473,473,Miata MX-5
474,1992,474,474,Topaz
475,2000,475,475,Suburban 2500
476,2011,476,476,M3
477,1986,477,477,S-Class
478,2009,478,478,Mariner
479,2009,479,479,Land Cruiser
480,1994,480,480,DeVille
481,1999,481,481,I
482,1987,482,482,4000CS Quattro
483,1996,483,483,Suburban 1500
484,1984,484,484,Mustang
485,2006,485,485,Q
486,2001,486,486,Cherokee
487,1994,487,487,Spirit
488,2000,488,488,Trooper
489,2003,489,489,Accent
490,1992,490,490,Sonata
491,1991,491,491,Coupe Quattro
492,2009,492,492,RDX
493,2006,493,493,Xterra
494,1994,494,494,Golf
495,1992,495,495,5 Series
496,2005,496,496,Yukon XL 2500
497,2012,497,497,GranTurismo
498,2009,498,498,300
499,2007,499,499,XC70
500,2005,500,500,Spectra
501,2004,501,501,V40
502,2011,502,502,Tribeca
503,2005,503,503,V50
504,2006,504,504,B9 Tribeca
505,2000,505,505,Stratus
506,1986,506,506,MR2
507,1987,507,507,E-Class
508,2002,508,508,Jetta
509,1990,509,509,Golf
510,2010,510,510,A6
511,2011,511,511,Xterra
512,1993,512,512,Cavalier
513,2007,513,513,Mountaineer
514,1986,514,514,W201
515,2003,515,515,Eclipse
516,2005,516,516,Touareg
517,2002,517,517,Avalon
518,2002,518,518,Yukon XL 2500
519,1984,519,519,900
520,2011,520,520,Equus
521,1993,521,521,Beretta
522,1988,522,522,Scirocco
523,2001,523,523,B-Series
524,2000,524,524,A6
525,1990,525,525,228
526,1989,526,526,Sable
527,1992,527,527,Sonoma
528,2006,528,528,6 Series
529,2006,529,529,760
530,1984,530,530,Vanagon
531,2001,531,531,Millenia
532,2002,532,532,Mustang
533,2009,533,533,Escalade ESV
534,1993,534,534,SJ
535,2005,535,535,Exige
536,2010,536,536,E250
537,2010,537,537,57
538,2012,538,538,FF
539,1986,539,539,Laser
540,2002,540,540,5 Series
541,2004,541,541,Ram 3500
542,1993,542,542,Celica
543,2010,543,543,Viper
544,1997,544,544,Cutlass
545,2011,545,545,Impreza
546,2008,546,546,Aura
547,1990,547,547,Countach
548,1999,548,548,Land Cruiser
549,1998,549,549,1500 Club Coupe
550,2011,550,550,Escalade ESV
551,2002,551,551,Elantra
552,2006,552,552,4Runner
553,2008,553,553,i-370
554,1989,554,554,Probe
555,2005,555,555,G
556,2001,556,556,Tacoma Xtra
557,1998,557,557,Skylark
558,2010,558,558,xD
559,1999,559,559,Z3
560,1994,560,560,Tracker
561,2005,561,561,Q
562,1997,562,562,Skylark
563,2010,563,563,Journey
564,2002,564,564,rio
565,1999,565,565,9000
566,1997,566,566,1500
567,2004,567,567,Marauder
568,1987,568,568,Starion
569,1993,569,569,Camry
570,2001,570,570,Windstar
571,1993,571,571,911
572,2005,572,572,Tiburon
573,1996,573,573,Savana 2500
574,2007,574,574,Elise
575,1998,575,575,Jimmy
576,1968,576,576,Cougar
577,2007,577,577,C70
578,2005,578,578,PT Cruiser
579,2012,579,579,Nuova 500
580,2003,580,580,Tracker
581,2004,581,581,Mazda6
582,2000,582,582,Breeze
583,1989,583,583,Justy
584,1997,584,584,1500 Club Coupe
585,1999,585,585,A8
586,2009,586,586,Ram 3500
587,1979,587,587,LUV
588,2003,588,588,Sedona
589,2006,589,589,4Runner
590,2002,590,590,Sonoma
591,2004,591,591,Celica
592,1993,592,592,400SEL
593,2007,593,593,Navigator L
594,1991,594,594,Caprice
595,2005,595,595,Cavalier
596,1990,596,596,Coachbuilder
597,1997,597,597,Camaro
598,2005,598,598,Silverado 1500
599,2012,599,599,Equator
600,2004,600,600,Excursion
601,2008,601,601,Q7
602,1990,602,602,Pajero
603,2012,603,603,Mazda5
604,2009,604,604,Aspen
605,2002,605,605,Sentra
606,1995,606,606,Trans Sport
607,1993,607,607,400E
608,2005,608,608,Grand Marquis
609,2005,609,609,Exige
610,1999,610,610,Escort
611,1994,611,611,Park Avenue
612,1989,612,612,9000
613,1999,613,613,RAV4
614,2010,614,614,Malibu
615,1993,615,615,Supra
616,1998,616,616,T100 Xtra
617,2002,617,617,Express 1500
618,2009,618,618,Arnage
619,2009,619,619,Ridgeline
620,2010,620,620,XJ
621,1993,621,621,400E
622,2009,622,622,Boxster
623,2009,623,623,B-Series
624,1994,624,624,Regal
625,2004,625,625,Dakota
626,1995,626,626,Vandura G3500
627,2010,627,627,Suburban 2500
628,1994,628,628,Vandura 3500
629,1998,629,629,Odyssey
630,2010,630,630,Quattroporte
631,2001,631,631,L-Series
632,1992,632,632,Probe
633,1987,633,633,Accord
634,2010,634,634,Rio
635,2011,635,635,Express 1500
636,1997,636,636,3500 Club Coupe
637,1994,637,637,Galant
638,2005,638,638,350Z
639,1991,639,639,Pajero
640,1997,640,640,Miata MX-5
641,1993,641,641,Alcyone SVX
642,1996,642,642,7 Series
643,1998,643,643,Concorde
644,2012,644,644,Journey
645,2009,645,645,M
646,1995,646,646,Ram Van 1500
647,1999,647,647,CR-V
648,1999,648,648,RX
649,2005,649,649,Sierra 1500
650,1997,650,650,Suburban 1500
651,2002,651,651,Montero
652,1995,652,652,Scoupe
653,1994,653,653,323
654,2004,654,654,Jetta
655,2001,655,655,CR-V
656,1997,656,656,F350
657,1999,657,657,XJ Series
658,2000,658,658,Eclipse
659,1997,659,659,Galant
660,2003,660,660,Rodeo
661,1999,661,661,Sunfire
662,2011,662,662,Suburban 1500
663,2000,663,663,Breeze
664,1994,664,664,Samurai
665,2003,665,665,Sentra
666,2006,666,666,Lucerne
667,1990,667,667,Jetta
668,1993,668,668,Fifth Ave
669,2004,669,669,Frontier
670,2000,670,670,Caravan
671,1997,671,671,Jimmy
672,2002,672,672,Stratus
673,2006,673,673,C8 Double 12 S
674,2006,674,674,H3
675,1991,675,675,300ZX
676,1989,676,676,Chariot
677,1985,677,677,Biturbo
678,2006,678,678,530
679,2008,679,679,Mazdaspeed 3
680,2000,680,680,F150
681,1993,681,681,GS
682,2006,682,682,Civic Si
683,1992,683,683,Fifth Ave
684,2006,684,684,Silverado Hybrid
685,2010,685,685,9-5
686,2000,686,686,Sebring
687,1997,687,687,rio
688,2011,688,688,Express
689,2007,689,689,5 Series
690,1992,690,690,Vandura 1500
691,2010,691,691,Matrix
692,2010,692,692,XC70
693,1996,693,693,Avenger
694,1998,694,694,Seville
695,2008,695,695,F150
696,1994,696,696,Intrepid
697,2006,697,697,Boxster
698,1992,698,698,Pajero
699,2012,699,699,A6
700,1988,700,700,Courier
701,2002,701,701,Grand Caravan
702,2004,702,702,Cavalier
703,2009,703,703,Element
704,1986,704,704,Riviera
705,2001,705,705,530
706,2002,706,706,Eclipse
707,2010,707,707,Galant
708,2002,708,708,SLK-Class
709,2005,709,709,DB9
710,1992,710,710,Land Cruiser
711,1996,711,711,S-Series
712,2008,712,712,Envoy
713,1999,713,713,Millenia
714,1984,714,714,6000
715,2003,715,715,Ram Van 2500
716,1995,716,716,Truck
717,2002,717,717,Corvette
718,2013,718,718,Altima
719,2010,719,719,Ram 1500
720,1985,720,720,Regal
721,2010,721,721,Acadia
722,2007,722,722,tC
723,2002,723,723,Silverado 1500
724,1994,724,724,LHS
725,2003,725,725,Ram 1500
726,2007,726,726,H3
727,2004,727,727,Sonata
728,2006,728,728,G6
729,1999,729,729,Cirrus
730,2003,730,730,CR-V
731,1984,731,731,SL-Class
732,2012,732,732,Caliber
733,2003,733,733,Explorer Sport Trac
734,2012,734,734,xD
735,2007,735,735,RAV4
736,2000,736,736,TL
737,2005,737,737,Malibu
738,1993,738,738,LeSabre
739,2004,739,739,Sequoia
740,2008,740,740,F350
741,2009,741,741,SX4
742,1994,742,742,Ram 3500
743,1997,743,743,Sonoma Club Coupe
744,1995,744,744,Viper RT/10
745,2000,745,745,Century
746,1989,746,746,Chariot
747,2005,747,747,XC90
748,2002,748,748,Millenia
749,2001,749,749,Highlander
750,1995,750,750,F150
751,1990,751,751,V8
752,2001,752,752,M3
753,1985,753,753,GTI
754,2011,754,754,E-Series
755,2009,755,755,Corvette
756,2002,756,756,Alero
757,2012,757,757,Sonata
758,2001,758,758,XJ Series
759,1994,759,759,Talon
760,2000,760,760,Echo
761,2011,761,761,CC
762,2010,762,762,Rapide
763,1994,763,763,RVR
764,1989,764,764,6 Series
765,1987,765,765,6000
766,1992,766,766,3500
767,2002,767,767,Pilot
768,2001,768,768,Rio
769,2007,769,769,Expedition
770,2009,770,770,Mazda5
771,2008,771,771,CL-Class
772,2008,772,772,Alpina B7
773,2002,773,773,TrailBlazer
774,1994,774,774,Quattro
775,2003,775,775,GX
776,2011,776,776,CTS-V
777,1995,777,777,Firebird
778,2008,778,778,Lancer
779,2011,779,779,X5
780,1994,780,780,Regal
781,1987,781,781,W201
782,2005,782,782,S2000
783,2007,783,783,F-Series Super Duty
784,1995,784,784,911
785,2012,785,785,XC90
786,2011,786,786,G-Class
787,1995,787,787,960
788,1999,788,788,Sierra 2500
789,1995,789,789,T100
790,2000,790,790,Echo
791,1984,791,791,F150
792,2007,792,792,Q7
793,2008,793,793,Edge
794,2006,794,794,Spectra5
795,2006,795,795,Cooper
796,1994,796,796,Sonoma
797,1995,797,797,88
798,1985,798,798,MR2
799,2008,799,799,Sedona
800,2006,800,800,GX
801,2004,801,801,Avalanche 2500
802,1999,802,802,Intrigue
803,2008,803,803,Vantage
804,2005,804,804,Uplander
805,1989,805,805,Bronco
806,2007,806,806,Yukon XL 2500
807,2011,807,807,Cayman
808,2006,808,808,Matrix
809,1967,809,809,Tempest
810,2003,810,810,525
811,1996,811,811,Land Cruiser
812,2008,812,812,Grand Cherokee
813,2009,813,813,LS
814,1998,814,814,Econoline E150
815,2006,815,815,A4
816,2010,816,816,CC
817,2000,817,817,Avalon
818,2000,818,818,3500
819,2007,819,819,Monterey
820,2006,820,820,IS
821,2012,821,821,Rogue
822,1995,822,822,Sportvan G20
823,1994,823,823,929
824,2012,824,824,Sorento
825,1993,825,825,300TE
826,1983,826,826,6000
827,2000,827,827,Odyssey
828,1993,828,828,Paseo
829,1997,829,829,5 Series
830,2009,830,830,Q7
831,2002,831,831,Montero Sport
832,2002,832,832,SL-Class
833,2006,833,833,Q
834,1995,834,834,Integra
835,1989,835,835,S-Class
836,1994,836,836,Town Car
837,1999,837,837,Rodeo
838,1984,838,838,LTD Crown Victoria
839,1997,839,839,ES
840,2002,840,840,Grand Vitara
841,1986,841,841,Continental Mark VII
842,2011,842,842,Silverado 2500
843,2001,843,843,Suburban 1500
844,2002,844,844,Excursion
845,2002,845,845,Tacoma
846,1993,846,846,NSX
847,2003,847,847,Eurovan
848,2008,848,848,Lucerne
849,2000,849,849,Dakota
850,2003,850,850,Vitara
851,1996,851,851,Town Car
852,1966,852,852,Fairlane
853,1994,853,853,Supra
854,1995,854,854,4Runner
855,1997,855,855,Dakota Club
856,1992,856,856,Escort
857,2005,857,857,Monterey
858,1989,858,858,228
859,2009,859,859,Aura
860,2005,860,860,Yukon XL 1500
861,2005,861,861,Montana SV6
862,2009,862,862,SLK-Class
863,2007,863,863,Grand Marquis
864,2004,864,864,Endeavor
865,2006,865,865,Mountaineer
866,1987,866,866,Leone
867,2011,867,867,Terrain
868,2009,868,868,Ranger
869,2005,869,869,ES
870,1989,870,870,B2600
871,1991,871,871,Sentra
872,2007,872,872,Civic
873,2002,873,873,ES
874,1998,874,874,Grand Am
875,1997,875,875,Ram Van 1500
876,2008,876,876,Crown Victoria
877,2011,877,877,LR2
878,2006,878,878,Focus
879,1988,879,879,Grand Am
880,1987,880,880,L300
881,1993,881,881,400E
882,1994,882,882,Truck
883,1991,883,883,Type 2
884,2008,884,884,Quattroporte
885,2006,885,885,Escalade EXT
886,2000,886,886,GS
887,1996,887,887,Tahoe
888,2009,888,888,Outlook
889,1992,889,889,Riviera
890,1990,890,890,Chariot
891,1997,891,891,850
892,2006,892,892,Gran Sport
893,1994,893,893,Voyager
894,2007,894,894,CR-V
895,1995,895,895,Caprice Classic
896,1992,896,896,Jetta
897,1992,897,897,Park Avenue
898,1993,898,898,S10 Blazer
899,2010,899,899,Yaris
900,1984,900,900,944
901,2005,901,901,Escape
902,1999,902,902,Celica
903,2006,903,903,57
904,2002,904,904,LeSabre
905,2003,905,905,Baja
906,2003,906,906,Ion
907,1987,907,907,Accord
908,2011,908,908,E150
909,2008,909,909,TrailBlazer
910,2007,910,910,X-Type
911,1999,911,911,TL
912,2011,912,912,GTI
913,1995,913,913,S10
914,1988,914,914,Scirocco
915,1990,915,915,9000
916,2010,916,916,CLS-Class
917,2004,917,917,Santa Fe
918,1992,918,918,B-Series Plus
919,2010,919,919,458 Italia
920,1996,920,920,Cavalier
921,2008,921,921,Milan
922,1976,922,922,Celica
923,1996,923,923,3500
924,2009,924,924,RAV4
925,1987,925,925,944
926,1983,926,926,Golf
927,2013,927,927,LX
928,2005,928,928,X3
929,1985,929,929,Leone
930,2000,930,930,Ram 2500
931,1997,931,931,Elantra
932,2010,932,932,A6
933,1996,933,933,Lumina
934,2010,934,934,Landaulet
935,2003,935,935,XK Series
936,2000,936,936,Ram 3500
937,1998,937,937,Viper
938,1988,938,938,Bonneville
939,2007,939,939,Crossfire
940,1994,940,940,Aerostar
941,1986,941,941,Golf
942,1997,942,942,A8
943,1993,943,943,600SEL
944,2001,944,944,Park Avenue
945,2009,945,945,FJ Cruiser
946,1997,946,946,J
947,2001,947,947,Land Cruiser
948,1995,948,948,Eldorado
949,2012,949,949,Countryman
950,2011,950,950,Sportage
951,1974,951,951,CX
952,1996,952,952,VS Commodore
953,1992,953,953,Land Cruiser
954,2007,954,954,Five Hundred
955,1997,955,955,3 Series
956,1992,956,956,Chariot
957,1987,957,957,Electra
958,2007,958,958,Express 2500
959,1988,959,959,Aerostar
960,2003,960,960,SSR
961,2001,961,961,Savana 2500
962,2004,962,962,911
963,2003,963,963,V40
964,1993,964,964,Amigo
965,2013,965,965,C-MAX Hybrid
966,1988,966,966,Cordia
967,2011,967,967,R-Class
968,2006,968,968,Mountaineer
969,2005,969,969,Mountaineer
970,2011,970,970,Journey
971,2010,971,971,QX56
972,2010,972,972,GS
973,2011,973,973,Impreza WRX
974,2004,974,974,RL
975,1993,975,975,Sunbird
976,1993,976,976,600SEL
977,1993,977,977,1500
978,2006,978,978,Maxima
979,1988,979,979,SL-Class
980,2010,980,980,1 Series
981,2010,981,981,Galant
982,1994,982,982,Loyale
983,1998,983,983,3500
984,2002,984,984,Spectra
985,1995,985,985,3500
986,2002,986,986,Regal
987,2011,987,987,Navigator L
988,1994,988,988,Achieva
989,1994,989,989,GS
990,1991,990,990,W201
991,2011,991,991,Soul
992,1998,992,992,1500
993,2005,993,993,Explorer Sport Trac
994,2008,994,994,Fortwo
995,1993,995,995,SVX
996,1999,996,996,Silhouette
997,1998,997,997,GS
998,2008,998,998,M Roadster
999,1990,999,999,Bronco II
1000,2002,1000,1000,Lancer Evolution
